id,investments/equity/0/id,investments/equity/0/fundingOrganizations/0/name,investments/equity/0/fundingOrganizations/0/id,investments/equity/0/fundingOrganizations/0/alternateName,investments/equity/0/fundingOrganizations/0/charityNumber,investments/equity/0/fundingOrganizations/0/companyNumber,investments/equity/0/fundingOrganizations/0/streetAddress,investments/equity/0/fundingOrganizations/0/addressLocality,investments/equity/0/fundingOrganizations/0/addressRegion,investments/equity/0/fundingOrganizations/0/addressCountry,investments/equity/0/fundingOrganizations/0/postalCode,investments/equity/0/fundingOrganizations/0/department,investments/equity/0/fundingOrganizations/0/contactName,investments/equity/0/fundingOrganizations/0/telephone,investments/equity/0/fundingOrganizations/0/email,investments/equity/0/fundingOrganizations/0/description,investments/equity/0/fundingOrganizations/0/organizationType,investments/equity/0/fundingOrganizations/0/industryClassifications,investments/equity/0/fundingOrganizations/0/startDate,investments/equity/0/fundingOrganizations/0/endDate,investments/equity/0/fundingOrganizations/0/url,investments/equity/0/fundingOrganizations/0/location/0/id,investments/equity/0/fundingOrganizations/0/location/0/name,investments/equity/0/fundingOrganizations/0/location/0/description,investments/equity/0/fundingOrganizations/0/location/0/countryCode,investments/equity/0/fundingOrganizations/0/location/0/geoCode,investments/equity/0/fundingOrganizations/0/location/0/geoCodeType,investments/equity/0/fundingOrganizations/0/location/0/latitude,investments/equity/0/fundingOrganizations/0/location/0/longitude,investments/equity/0/fundingOrganizations/0/dateModified
